Model,Accuracy,Precision,Recall,F1
Gradient Boosting,0.5,0.4714285714285714,0.5,0.48461538461538467
Random Forest,0.45,0.4020833333333333,0.45,0.4242424242424242
Logistic Regression,0.3,0.36,0.3,0.325
KNN,0.35,0.30375,0.35,0.3199300699300699
Decision Tree,0.25,0.27666666666666667,0.25,0.26153846153846155
