Model,RMSE,MAE,R2
Random Forest,5.259656257333982,4.0109375,0.6924173455046418
Gradient Boosting,5.557674744293801,3.8483768314367075,0.6565738429690775
Ridge Regression,6.8181468788215565,5.419865716006619,0.48313178940199974
Linear Regression,6.908165939735359,5.491156485922014,0.4693934105968455
Decision Tree,8.320766566248569,6.39375,0.23020729097175896
